"firstName","lastName","email"
"Abu Sayad","Hussain","abusayadhussain@gmail.com"
"John", "William","johnwilliam@gmail.com"
"James", "Charles","jamescharles@gmail.com"
"George", "Frank","GeorgeFrank@gmail.com"
"Joseph", "Thomas", "JosephThomas@gmail.com"
"Henry", "Robert", "HenryRobert@gmail.com"
"Edward", "Harry", "EdwardHarry@gmail.com"
"Walter","Arthur","WalterArthur@gmail.com"
"Fred","Albert","FredAlbert@gmail.com"
"Samuel","David","SamuelDavid@gmail.com"
